Spirits, 408.04, True, 1.0
Caldari Navy Inferno Light Missile, 900.48, True, 1574185204.0044467
EMP XL, 1490.05, True, 2.0
Occult M, 5119.81, False, 1574185254.347729
